user_id,signup_date,plan_id,country,acquisition_channel
1001,2025-04-13,2,US,Paid Ads
1002,2026-03-12,1,DE,Paid Ads
1003,2025-09-28,3,US,Paid Ads
1004,2025-04-17,3,US,Organic Search
1005,2025-03-13,3,US,Paid Ads
1006,2025-01-21,2,CA,Organic Search
1007,2025-05-02,1,CA,Paid Ads
1008,2026-04-12,2,US,Organic Search
1009,2025-08-03,1,US,Paid Ads
1010,2025-11-27,1,US,Organic Search
1011,2026-04-04,1,US,Organic Search
1012,2025-03-29,1,CA,Organic Search
1013,2026-01-08,2,CA,Organic Search
1014,2025-04-10,2,US,Referral
1015,2025-05-11,1,US,Organic Search
1016,2025-11-05,1,AU,Social Media
1017,2025-12-10,3,US,Social Media
1018,2026-05-07,1,CA,Paid Ads
1019,2026-02-18,1,US,Organic Search
1020,2026-01-21,1,US,Organic Search
1021,2025-07-11,2,US,Referral
1022,2025-10-04,2,US,Organic Search
1023,2025-06-10,1,AU,Organic Search
1024,2026-04-05,1,US,Paid Ads
1025,2025-11-10,2,US,Referral
1026,2025-01-22,2,US,Referral
1027,2025-09-10,1,US,Organic Search
1028,2026-04-20,3,US,Paid Ads
1029,2025-02-28,1,US,Organic Search
1030,2026-05-26,1,UK,Organic Search
1031,2026-04-21,3,US,Social Media
1032,2025-07-09,1,US,Organic Search
1033,2025-09-01,2,DE,Organic Search
1034,2026-05-20,1,US,Organic Search
1035,2025-05-11,1,AU,Social Media
1036,2026-04-30,3,US,Referral
1037,2025-01-21,1,DE,Paid Ads
1038,2025-06-16,3,CA,Referral
1039,2025-10-01,1,UK,Organic Search
1040,2026-01-23,1,AU,Paid Ads
1041,2025-11-12,1,US,Organic Search
1042,2025-01-14,2,AU,Organic Search
1043,2025-08-30,1,US,Paid Ads
1044,2025-12-12,3,US,Social Media
1045,2025-12-06,1,US,Organic Search
1046,2025-04-02,3,US,Organic Search
1047,2026-01-02,1,US,Organic Search
1048,2026-03-31,3,US,Organic Search
1049,2026-03-04,2,US,Social Media
1050,2026-05-24,2,UK,Paid Ads
1051,2025-02-04,2,UK,Paid Ads
1052,2025-07-25,2,US,Referral
1053,2025-03-22,2,US,Organic Search
1054,2026-01-23,1,US,Paid Ads
1055,2025-01-02,1,US,Paid Ads
1056,2026-01-25,3,US,Paid Ads
1057,2025-04-16,2,US,Social Media
1058,2026-04-22,2,US,Referral
1059,2026-02-06,1,AU,Organic Search
1060,2025-06-11,1,US,Referral
1061,2025-07-21,1,US,Organic Search
1062,2025-09-27,2,US,Organic Search
1063,2025-09-28,1,US,Organic Search
1064,2026-04-01,1,US,Organic Search
1065,2026-04-07,1,CA,Paid Ads
1066,2025-09-09,1,US,Paid Ads
1067,2025-10-23,2,US,Social Media
1068,2025-12-04,1,AU,Paid Ads
1069,2025-02-22,2,DE,Paid Ads
1070,2025-08-05,1,CA,Organic Search
1071,2025-07-07,1,US,Organic Search
1072,2026-01-15,1,CA,Paid Ads
1073,2026-05-08,1,US,Paid Ads
1074,2025-02-10,1,US,Referral
1075,2025-06-06,1,US,Organic Search
1076,2025-01-15,2,US,Organic Search
1077,2025-03-06,1,US,Paid Ads
1078,2025-12-10,2,US,Organic Search
1079,2025-05-09,3,AU,Organic Search
1080,2026-04-17,2,DE,Referral
1081,2025-03-04,1,CA,Organic Search
1082,2025-05-19,1,US,Paid Ads
1083,2026-05-14,1,DE,Organic Search
1084,2026-01-27,1,US,Organic Search
1085,2026-02-23,3,UK,Organic Search
1086,2025-10-16,1,US,Referral
1087,2026-01-14,1,UK,Organic Search
1088,2026-05-05,2,US,Referral
1089,2025-08-19,2,DE,Organic Search
1090,2025-02-10,2,DE,Referral
1091,2025-01-28,1,US,Organic Search
1092,2025-05-15,1,US,Paid Ads
1093,2025-07-20,2,AU,Paid Ads
1094,2025-02-02,1,US,Social Media
1095,2025-02-17,1,DE,Organic Search
1096,2026-05-18,1,US,Organic Search
1097,2026-02-11,1,US,Organic Search
1098,2025-04-09,1,US,Referral
1099,2026-04-07,1,US,Paid Ads
1100,2025-01-05,2,UK,Referral
1101,2025-08-06,2,US,Organic Search
1102,2026-05-18,2,US,Organic Search
1103,2026-02-02,1,US,Organic Search
1104,2026-01-28,1,US,Social Media
1105,2025-07-26,1,DE,Paid Ads
1106,2025-01-15,2,AU,Social Media
1107,2026-04-06,2,US,Organic Search
1108,2025-08-29,1,UK,Paid Ads
1109,2025-04-06,3,UK,Paid Ads
1110,2026-04-30,1,US,Organic Search
1111,2026-02-11,2,AU,Referral
1112,2025-08-19,2,US,Social Media
1113,2025-06-20,3,US,Social Media
1114,2025-02-05,2,DE,Referral
1115,2025-06-09,2,US,Organic Search
1116,2025-08-31,1,UK,Organic Search
1117,2025-03-27,2,DE,Social Media
1118,2025-01-28,1,US,Organic Search
1119,2025-12-06,3,DE,Referral
1120,2025-11-27,2,US,Referral
1121,2026-05-21,2,US,Paid Ads
1122,2025-12-14,1,CA,Social Media
1123,2026-04-18,2,DE,Organic Search
1124,2025-08-19,2,US,Organic Search
1125,2025-07-09,2,US,Organic Search
1126,2025-08-13,1,CA,Paid Ads
1127,2026-01-20,1,CA,Organic Search
1128,2026-01-12,1,CA,Organic Search
1129,2025-10-10,1,US,Referral
1130,2025-09-16,3,US,Social Media
1131,2025-12-25,1,US,Organic Search
1132,2026-04-01,3,UK,Organic Search
1133,2026-02-15,1,US,Social Media
1134,2025-11-14,1,US,Organic Search
1135,2025-08-13,2,AU,Organic Search
1136,2025-08-22,2,US,Organic Search
1137,2026-01-09,1,AU,Paid Ads
1138,2026-04-17,2,CA,Organic Search
1139,2025-08-21,2,UK,Social Media
1140,2025-04-23,1,US,Paid Ads
1141,2026-05-12,3,US,Paid Ads
1142,2026-03-18,3,CA,Organic Search
1143,2025-09-25,2,UK,Paid Ads
1144,2026-05-25,1,CA,Paid Ads
1145,2026-01-21,2,US,Referral
1146,2026-01-22,1,UK,Referral
1147,2025-04-23,1,UK,Paid Ads
1148,2025-03-22,1,CA,Social Media
1149,2025-04-23,1,UK,Referral
1150,2025-01-02,3,UK,Referral
1151,2025-08-08,2,CA,Organic Search
1152,2025-08-13,2,US,Organic Search
1153,2026-01-20,1,US,Organic Search
1154,2026-02-07,1,US,Paid Ads
1155,2025-05-10,1,US,Paid Ads
1156,2025-02-22,3,US,Paid Ads
1157,2026-02-20,1,US,Social Media
1158,2025-09-04,3,US,Social Media
1159,2026-03-15,2,US,Social Media
1160,2025-07-22,1,UK,Organic Search
1161,2025-07-03,2,DE,Paid Ads
1162,2025-05-03,1,US,Organic Search
1163,2026-02-05,3,AU,Organic Search
1164,2025-10-21,3,US,Organic Search
1165,2025-10-07,1,US,Organic Search
1166,2025-07-17,1,US,Paid Ads
1167,2026-05-26,2,US,Referral
1168,2025-05-24,3,UK,Organic Search
1169,2025-07-20,1,CA,Referral
1170,2025-05-04,2,US,Paid Ads
1171,2025-07-06,2,US,Organic Search
1172,2025-11-22,2,US,Paid Ads
1173,2026-04-09,1,US,Organic Search
1174,2025-12-15,2,US,Paid Ads
1175,2026-02-07,3,US,Paid Ads
1176,2025-12-12,1,UK,Organic Search
1177,2026-05-26,1,DE,Organic Search
1178,2025-05-27,3,US,Paid Ads
1179,2025-05-28,1,DE,Social Media
1180,2026-05-04,3,US,Organic Search
1181,2025-12-04,1,US,Referral
1182,2026-04-18,1,US,Paid Ads
1183,2025-05-31,3,CA,Social Media
1184,2026-02-19,1,AU,Referral
1185,2025-10-25,2,CA,Paid Ads
1186,2025-09-20,1,US,Paid Ads
1187,2025-05-24,2,CA,Social Media
1188,2025-12-12,1,US,Organic Search
1189,2025-01-02,1,DE,Organic Search
1190,2025-10-31,3,US,Organic Search
1191,2025-09-11,1,US,Referral
1192,2026-03-29,2,US,Referral
1193,2025-02-06,1,CA,Organic Search
1194,2025-06-09,2,US,Paid Ads
1195,2025-01-09,1,CA,Paid Ads
1196,2025-08-21,3,US,Organic Search
1197,2025-04-09,1,CA,Social Media
1198,2025-07-27,1,UK,Organic Search
1199,2025-05-11,1,UK,Organic Search
1200,2026-02-08,1,US,Paid Ads
1201,2025-06-01,2,US,Referral
1202,2025-02-23,1,US,Organic Search
1203,2025-04-30,2,UK,Paid Ads
1204,2026-02-24,1,US,Paid Ads
1205,2026-02-26,1,US,Organic Search
1206,2025-04-14,2,US,Organic Search
1207,2025-09-11,2,US,Paid Ads
1208,2025-08-15,1,CA,Organic Search
1209,2025-04-22,1,US,Social Media
1210,2026-05-25,1,CA,Referral
1211,2026-04-18,2,US,Social Media
1212,2025-04-09,2,US,Organic Search
1213,2025-06-02,1,US,Social Media
1214,2025-12-04,2,US,Paid Ads
1215,2025-06-12,2,US,Organic Search
1216,2025-06-10,2,CA,Organic Search
1217,2026-02-02,3,US,Organic Search
1218,2025-10-04,1,UK,Paid Ads
1219,2026-05-19,1,US,Paid Ads
1220,2026-01-27,1,US,Organic Search
1221,2025-05-15,1,CA,Paid Ads
1222,2025-07-14,2,US,Organic Search
1223,2026-02-05,3,US,Paid Ads
1224,2025-02-02,1,US,Organic Search
1225,2026-04-05,1,US,Referral
1226,2026-04-15,1,UK,Referral
1227,2026-01-10,3,US,Paid Ads
1228,2025-01-22,1,UK,Organic Search
1229,2025-02-07,2,DE,Organic Search
1230,2025-08-18,1,US,Referral
1231,2025-12-31,1,DE,Organic Search
1232,2026-03-14,3,US,Organic Search
1233,2025-10-10,3,AU,Organic Search
1234,2025-01-27,1,US,Paid Ads
1235,2025-08-14,3,CA,Paid Ads
1236,2025-10-04,2,US,Referral
1237,2025-10-11,3,US,Organic Search
1238,2026-04-26,1,CA,Organic Search
1239,2026-03-29,2,CA,Referral
1240,2025-07-11,1,US,Referral
1241,2025-02-18,2,US,Organic Search
1242,2026-05-27,1,CA,Paid Ads
1243,2025-01-17,1,CA,Organic Search
1244,2025-06-21,1,AU,Social Media
1245,2025-08-08,2,UK,Organic Search
1246,2025-06-07,1,AU,Social Media
1247,2026-04-22,2,CA,Paid Ads
1248,2025-02-15,3,US,Paid Ads
1249,2026-01-08,1,US,Organic Search
1250,2025-04-09,2,UK,Paid Ads
1251,2025-02-06,1,CA,Paid Ads
1252,2025-10-07,3,US,Organic Search
1253,2025-12-15,1,US,Paid Ads
1254,2026-05-12,2,AU,Social Media
1255,2025-10-29,2,US,Paid Ads
1256,2025-06-30,3,US,Referral
1257,2025-04-09,2,US,Organic Search
1258,2025-04-26,1,US,Paid Ads
1259,2025-07-10,2,US,Organic Search
1260,2025-09-10,3,US,Paid Ads
1261,2025-06-10,2,US,Social Media
1262,2025-09-13,1,UK,Paid Ads
1263,2025-11-19,3,US,Organic Search
1264,2025-05-08,2,UK,Organic Search
1265,2025-01-18,2,DE,Paid Ads
1266,2025-11-19,1,US,Paid Ads
1267,2025-10-15,2,CA,Referral
1268,2025-06-04,1,US,Referral
1269,2026-05-05,2,DE,Paid Ads
1270,2026-01-21,1,US,Organic Search
1271,2025-04-14,2,CA,Organic Search
1272,2026-01-28,3,CA,Organic Search
1273,2025-09-03,1,US,Organic Search
1274,2025-06-25,3,US,Paid Ads
1275,2025-02-08,1,CA,Paid Ads
1276,2026-04-22,3,CA,Paid Ads
1277,2026-02-12,2,US,Organic Search
1278,2026-05-21,2,CA,Organic Search
1279,2025-02-05,2,US,Organic Search
1280,2025-01-20,3,CA,Organic Search
1281,2025-11-17,1,US,Referral
1282,2026-05-27,1,DE,Organic Search
1283,2026-02-04,2,US,Paid Ads
1284,2026-04-16,2,US,Organic Search
1285,2025-05-23,2,US,Social Media
1286,2025-04-02,2,US,Paid Ads
1287,2025-12-20,1,US,Organic Search
1288,2025-02-20,2,US,Paid Ads
1289,2025-07-09,1,UK,Referral
1290,2025-05-05,2,US,Social Media
1291,2025-05-30,1,US,Organic Search
1292,2025-11-10,1,US,Social Media
1293,2025-12-08,1,US,Social Media
1294,2025-11-01,1,US,Social Media
1295,2025-02-23,2,US,Paid Ads
1296,2026-03-20,1,US,Paid Ads
1297,2025-09-21,1,US,Paid Ads
1298,2025-02-22,1,US,Referral
1299,2025-01-05,1,US,Paid Ads
1300,2025-04-13,1,US,Paid Ads
1301,2025-07-15,1,US,Paid Ads
1302,2025-12-16,2,AU,Referral
1303,2025-02-16,2,US,Referral
1304,2025-09-26,2,CA,Organic Search
1305,2026-01-05,1,US,Referral
1306,2025-04-16,1,UK,Paid Ads
1307,2025-04-30,3,UK,Referral
1308,2025-02-27,2,US,Paid Ads
1309,2025-12-12,1,AU,Organic Search
1310,2026-04-19,1,US,Social Media
1311,2025-04-27,1,US,Organic Search
1312,2025-05-07,1,UK,Referral
1313,2026-01-28,1,UK,Paid Ads
1314,2025-02-27,2,US,Paid Ads
1315,2026-05-28,2,US,Organic Search
1316,2025-04-06,2,US,Paid Ads
1317,2025-04-28,2,US,Organic Search
1318,2026-05-03,2,UK,Organic Search
1319,2025-08-25,2,US,Organic Search
1320,2025-09-29,3,US,Organic Search
1321,2025-07-08,1,US,Social Media
1322,2026-03-23,1,US,Social Media
1323,2025-09-04,1,US,Organic Search
1324,2025-03-17,2,CA,Referral
1325,2025-06-03,3,AU,Organic Search
1326,2026-03-11,1,UK,Paid Ads
1327,2025-03-27,3,US,Referral
1328,2025-10-12,1,DE,Social Media
1329,2025-08-08,3,UK,Paid Ads
1330,2025-03-10,1,UK,Referral
1331,2025-02-16,1,US,Organic Search
1332,2025-04-04,1,US,Social Media
1333,2026-03-29,1,US,Organic Search
1334,2025-07-23,1,US,Paid Ads
1335,2025-08-06,1,US,Paid Ads
1336,2026-04-19,2,US,Paid Ads
1337,2026-03-08,2,US,Organic Search
1338,2025-12-07,1,CA,Social Media
1339,2025-10-16,2,US,Organic Search
1340,2025-09-11,2,US,Paid Ads
1341,2025-12-23,1,AU,Organic Search
1342,2025-01-23,1,DE,Organic Search
1343,2025-04-10,1,UK,Paid Ads
1344,2025-06-29,1,AU,Paid Ads
1345,2025-08-11,2,US,Organic Search
1346,2026-03-18,1,AU,Organic Search
1347,2025-11-21,2,US,Paid Ads
1348,2025-01-16,2,US,Referral
1349,2025-12-02,1,US,Social Media
1350,2025-09-15,2,US,Organic Search
1351,2026-05-12,1,US,Organic Search
1352,2025-06-09,3,CA,Organic Search
1353,2026-04-20,1,UK,Organic Search
1354,2026-01-15,2,US,Paid Ads
1355,2026-03-03,2,US,Paid Ads
1356,2025-09-25,1,UK,Organic Search
1357,2026-02-21,2,CA,Organic Search
1358,2025-06-17,3,US,Organic Search
1359,2025-02-12,2,CA,Referral
1360,2025-10-12,2,US,Social Media
1361,2026-02-01,3,US,Organic Search
1362,2025-01-12,1,DE,Organic Search
1363,2025-10-29,1,US,Social Media
1364,2025-09-10,2,US,Social Media
1365,2026-05-14,1,DE,Paid Ads
1366,2025-02-04,2,CA,Organic Search
1367,2025-03-31,3,US,Organic Search
1368,2026-02-22,1,US,Paid Ads
1369,2025-04-25,1,US,Organic Search
1370,2025-07-15,2,CA,Organic Search
1371,2026-05-16,1,US,Paid Ads
1372,2026-05-08,2,US,Organic Search
1373,2025-03-16,1,AU,Referral
1374,2026-02-17,2,US,Organic Search
1375,2026-01-11,1,US,Organic Search
1376,2026-02-24,2,US,Paid Ads
1377,2025-10-04,1,CA,Organic Search
1378,2026-01-29,2,US,Social Media
1379,2026-04-02,1,US,Paid Ads
1380,2025-07-11,2,UK,Organic Search
1381,2025-04-09,3,US,Referral
1382,2025-04-06,1,US,Organic Search
1383,2025-07-09,1,US,Social Media
1384,2025-02-06,1,US,Organic Search
1385,2026-01-04,2,US,Paid Ads
1386,2025-10-06,2,US,Organic Search
1387,2025-08-05,2,US,Paid Ads
1388,2025-09-30,1,US,Referral
1389,2025-03-03,1,UK,Referral
1390,2025-12-08,2,AU,Organic Search
1391,2026-02-01,1,UK,Organic Search
1392,2025-01-19,3,DE,Referral
1393,2025-06-26,1,US,Social Media
1394,2026-01-31,2,AU,Organic Search
1395,2026-03-21,1,US,Paid Ads
1396,2025-08-21,1,AU,Organic Search
1397,2025-03-17,2,AU,Social Media
1398,2025-09-22,2,CA,Organic Search
1399,2026-03-31,3,AU,Organic Search
1400,2026-01-19,1,US,Referral
1401,2026-05-21,1,US,Organic Search
1402,2026-01-02,2,US,Paid Ads
1403,2025-05-24,2,US,Paid Ads
1404,2025-03-10,1,US,Organic Search
1405,2025-04-09,1,CA,Organic Search
1406,2026-01-31,1,AU,Paid Ads
1407,2025-01-25,3,US,Organic Search
1408,2026-04-14,1,UK,Paid Ads
1409,2026-04-29,1,DE,Referral
1410,2025-05-31,1,DE,Referral
1411,2025-05-24,1,AU,Organic Search
1412,2025-02-08,1,US,Organic Search
1413,2025-04-19,2,AU,Organic Search
1414,2025-02-11,1,UK,Organic Search
1415,2025-07-05,2,US,Paid Ads
1416,2026-02-02,1,US,Paid Ads
1417,2025-08-11,2,CA,Organic Search
1418,2025-05-13,3,US,Organic Search
1419,2025-06-12,2,CA,Organic Search
1420,2025-08-03,2,CA,Paid Ads
1421,2025-08-23,1,US,Organic Search
1422,2025-01-09,1,US,Paid Ads
1423,2025-03-15,2,UK,Organic Search
1424,2026-05-07,3,US,Social Media
1425,2025-09-10,2,US,Social Media
1426,2025-08-18,2,US,Organic Search
1427,2025-06-23,2,US,Organic Search
1428,2025-06-17,1,DE,Paid Ads
1429,2025-06-19,1,US,Organic Search
1430,2026-01-28,2,CA,Paid Ads
1431,2025-07-13,3,US,Referral
1432,2025-01-29,1,US,Paid Ads
1433,2025-06-14,2,UK,Referral
1434,2026-02-26,1,CA,Organic Search
1435,2025-12-05,2,US,Organic Search
1436,2026-05-11,1,US,Referral
1437,2025-12-31,1,US,Organic Search
1438,2025-12-08,2,US,Paid Ads
1439,2026-05-15,1,CA,Organic Search
1440,2026-05-26,2,US,Organic Search
1441,2025-11-23,2,US,Social Media
1442,2025-08-05,3,US,Organic Search
1443,2025-10-28,1,DE,Social Media
1444,2025-05-12,1,AU,Social Media
1445,2025-03-11,1,US,Referral
1446,2025-09-09,3,UK,Paid Ads
1447,2026-02-19,3,US,Paid Ads
1448,2026-03-21,2,US,Social Media
1449,2025-07-01,2,UK,Organic Search
1450,2025-06-16,2,DE,Paid Ads
1451,2025-04-01,2,AU,Paid Ads
1452,2025-02-08,1,US,Paid Ads
1453,2025-05-06,2,US,Paid Ads
1454,2026-03-27,1,UK,Organic Search
1455,2025-06-22,2,US,Paid Ads
1456,2025-08-08,2,US,Social Media
1457,2025-02-27,2,US,Organic Search
1458,2026-04-21,1,CA,Social Media
1459,2026-04-01,1,US,Paid Ads
1460,2025-12-27,1,US,Referral
1461,2025-01-01,1,DE,Paid Ads
1462,2026-01-22,1,US,Referral
1463,2025-12-14,3,US,Organic Search
1464,2025-07-09,2,US,Referral
1465,2026-05-20,1,US,Organic Search
1466,2025-07-10,1,US,Social Media
1467,2026-05-23,1,US,Social Media
1468,2026-01-04,2,DE,Organic Search
1469,2026-02-13,2,US,Organic Search
1470,2025-04-27,3,AU,Referral
1471,2025-05-14,1,US,Organic Search
1472,2025-02-27,3,US,Social Media
1473,2025-06-22,3,US,Organic Search
1474,2025-05-29,1,US,Organic Search
1475,2025-03-21,3,UK,Social Media
1476,2025-08-01,1,US,Paid Ads
1477,2025-07-22,2,US,Referral
1478,2025-08-17,1,DE,Organic Search
1479,2025-08-15,3,DE,Paid Ads
1480,2026-03-17,3,DE,Paid Ads
1481,2026-02-06,2,US,Paid Ads
1482,2025-02-16,2,UK,Paid Ads
1483,2025-08-21,1,US,Paid Ads
1484,2025-11-01,1,US,Paid Ads
1485,2025-05-23,1,US,Organic Search
1486,2026-02-19,1,US,Referral
1487,2026-05-28,2,US,Organic Search
1488,2026-01-08,1,US,Paid Ads
1489,2025-09-16,3,DE,Organic Search
1490,2026-04-16,2,US,Paid Ads
1491,2025-01-12,2,US,Referral
1492,2025-11-26,1,US,Organic Search
1493,2025-12-24,3,DE,Organic Search
1494,2026-02-12,3,US,Organic Search
1495,2026-01-08,1,US,Paid Ads
1496,2025-01-08,2,UK,Referral
1497,2025-05-02,2,UK,Organic Search
1498,2025-12-14,1,US,Referral
1499,2025-03-31,2,CA,Organic Search
1500,2025-11-12,1,UK,Paid Ads
1501,2025-06-27,1,CA,Social Media
1502,2025-02-10,1,US,Organic Search
1503,2026-05-17,1,DE,Paid Ads
1504,2025-05-25,1,US,Organic Search
1505,2025-07-20,1,US,Organic Search
1506,2026-04-06,3,US,Organic Search
1507,2025-09-10,2,US,Organic Search
1508,2026-01-25,3,US,Paid Ads
1509,2025-09-13,1,UK,Paid Ads
1510,2026-03-26,1,US,Paid Ads
1511,2025-01-10,2,US,Organic Search
1512,2025-08-30,1,US,Organic Search
1513,2025-09-08,1,US,Paid Ads
1514,2025-01-05,2,AU,Social Media
1515,2025-04-29,1,US,Organic Search
1516,2026-01-09,2,US,Social Media
1517,2025-03-06,2,US,Paid Ads
1518,2025-05-26,1,US,Paid Ads
1519,2025-08-12,1,US,Paid Ads
1520,2025-08-27,2,CA,Organic Search
1521,2025-06-26,1,AU,Organic Search
1522,2025-10-09,1,US,Paid Ads
1523,2025-03-04,3,CA,Organic Search
1524,2025-08-05,1,CA,Social Media
1525,2026-04-06,2,UK,Paid Ads
1526,2025-04-15,3,US,Organic Search
1527,2025-04-09,1,US,Referral
1528,2026-05-26,1,US,Organic Search
1529,2026-01-20,1,CA,Paid Ads
1530,2026-02-09,1,UK,Paid Ads
1531,2026-04-21,1,US,Social Media
1532,2026-03-13,2,US,Referral
1533,2025-01-23,1,DE,Paid Ads
1534,2026-04-03,2,UK,Paid Ads
1535,2025-03-24,3,AU,Social Media
1536,2025-05-25,2,UK,Organic Search
1537,2025-03-26,2,US,Organic Search
1538,2025-03-19,1,US,Organic Search
1539,2026-04-02,2,CA,Organic Search
1540,2025-01-01,2,US,Paid Ads
1541,2025-02-20,1,US,Paid Ads
1542,2026-03-22,1,CA,Paid Ads
1543,2026-03-25,3,US,Organic Search
1544,2026-05-03,1,UK,Referral
1545,2025-02-03,1,US,Organic Search
1546,2025-12-14,1,AU,Paid Ads
1547,2025-04-05,1,US,Paid Ads
1548,2025-03-13,2,US,Organic Search
1549,2025-06-03,2,CA,Organic Search
1550,2025-09-07,2,US,Organic Search
1551,2026-03-14,1,CA,Referral
1552,2025-04-28,1,UK,Social Media
1553,2025-11-02,1,US,Paid Ads
1554,2025-09-25,1,US,Organic Search
1555,2025-02-23,1,US,Paid Ads
1556,2025-08-24,2,US,Referral
1557,2026-01-24,1,DE,Referral
1558,2026-02-05,2,UK,Organic Search
1559,2025-10-30,1,CA,Organic Search
1560,2025-07-26,1,CA,Referral
1561,2025-08-17,1,US,Organic Search
1562,2025-03-16,3,DE,Organic Search
1563,2026-03-11,2,CA,Organic Search
1564,2025-04-13,3,CA,Paid Ads
1565,2026-02-26,1,DE,Social Media
1566,2025-11-02,1,US,Social Media
1567,2025-04-08,2,UK,Paid Ads
1568,2025-12-01,1,US,Paid Ads
1569,2026-03-11,2,US,Organic Search
1570,2026-03-23,1,US,Paid Ads
1571,2025-11-04,1,AU,Organic Search
1572,2025-09-06,1,DE,Paid Ads
1573,2025-06-15,1,CA,Organic Search
1574,2026-04-26,2,CA,Organic Search
1575,2025-12-01,1,US,Organic Search
1576,2025-04-16,1,DE,Organic Search
1577,2025-03-22,1,US,Organic Search
1578,2025-05-13,1,US,Organic Search
1579,2025-05-18,2,US,Social Media
1580,2025-07-03,3,UK,Paid Ads
1581,2026-02-05,3,CA,Paid Ads
1582,2025-11-26,2,US,Social Media
1583,2026-05-23,1,US,Social Media
1584,2025-03-10,2,UK,Paid Ads
1585,2025-02-22,1,US,Referral
1586,2026-03-26,1,CA,Organic Search
1587,2025-07-24,2,AU,Organic Search
1588,2025-05-06,1,US,Paid Ads
1589,2025-02-12,3,US,Paid Ads
1590,2025-04-21,1,CA,Paid Ads
1591,2025-07-02,2,UK,Organic Search
1592,2025-04-05,2,US,Organic Search
1593,2026-01-09,3,AU,Paid Ads
1594,2025-12-26,2,US,Organic Search
1595,2025-10-08,2,US,Paid Ads
1596,2025-07-14,1,CA,Paid Ads
1597,2025-07-14,2,DE,Referral
1598,2025-04-03,1,US,Referral
1599,2025-03-02,2,UK,Social Media
1600,2025-02-20,2,US,Paid Ads
1601,2026-02-07,2,US,Referral
1602,2025-01-05,1,US,Paid Ads
1603,2026-04-11,1,DE,Organic Search
1604,2026-02-09,2,US,Organic Search
1605,2026-05-28,1,US,Organic Search
1606,2025-08-21,1,US,Paid Ads
1607,2025-12-12,1,DE,Paid Ads
1608,2025-02-15,3,CA,Referral
1609,2025-03-19,2,UK,Organic Search
1610,2025-03-14,1,US,Organic Search
1611,2025-09-06,1,CA,Social Media
1612,2025-02-16,1,US,Organic Search
1613,2025-05-01,2,UK,Paid Ads
1614,2025-08-02,2,DE,Paid Ads
1615,2025-08-27,1,US,Paid Ads
1616,2025-02-25,1,CA,Organic Search
1617,2025-12-16,1,US,Organic Search
1618,2025-04-17,2,US,Organic Search
1619,2025-02-17,2,US,Paid Ads
1620,2025-12-03,1,US,Paid Ads
1621,2025-01-26,1,US,Organic Search
1622,2025-09-14,1,CA,Paid Ads
1623,2025-01-08,3,US,Referral
1624,2025-09-10,1,CA,Organic Search
1625,2025-10-30,2,US,Paid Ads
1626,2025-02-25,2,US,Paid Ads
1627,2026-04-19,1,UK,Organic Search
1628,2025-01-28,1,US,Organic Search
1629,2025-03-19,1,US,Paid Ads
1630,2025-08-04,2,CA,Social Media
1631,2026-01-21,2,US,Referral
1632,2025-12-31,2,US,Paid Ads
1633,2025-11-08,2,US,Referral
1634,2025-01-07,1,DE,Organic Search
1635,2025-01-03,3,CA,Paid Ads
1636,2025-12-29,2,CA,Paid Ads
1637,2026-05-23,1,CA,Organic Search
1638,2025-10-01,3,US,Referral
1639,2026-05-21,2,US,Paid Ads
1640,2025-01-15,2,UK,Organic Search
1641,2025-07-11,2,US,Social Media
1642,2026-04-30,2,US,Organic Search
1643,2025-01-28,2,US,Organic Search
1644,2025-02-08,1,US,Organic Search
1645,2025-09-30,1,AU,Referral
1646,2025-08-19,3,US,Referral
1647,2025-03-27,1,US,Organic Search
1648,2026-04-19,1,US,Paid Ads
1649,2025-05-06,1,AU,Organic Search
1650,2025-05-25,1,US,Referral
1651,2025-07-31,2,US,Paid Ads
1652,2025-01-25,3,CA,Paid Ads
1653,2026-01-29,1,CA,Social Media
1654,2025-03-08,1,US,Organic Search
1655,2025-08-21,1,US,Organic Search
1656,2025-04-19,3,US,Paid Ads
1657,2025-05-26,2,US,Social Media
1658,2025-04-21,1,US,Organic Search
1659,2025-08-16,2,US,Organic Search
1660,2025-04-21,3,US,Organic Search
1661,2026-04-15,2,US,Paid Ads
1662,2025-02-03,3,CA,Organic Search
1663,2026-01-04,1,AU,Paid Ads
1664,2026-03-01,2,CA,Social Media
1665,2025-10-09,1,US,Paid Ads
1666,2025-11-16,2,US,Organic Search
1667,2026-03-19,2,AU,Paid Ads
1668,2025-11-11,2,US,Organic Search
1669,2026-01-12,2,US,Social Media
1670,2025-10-16,1,US,Paid Ads
1671,2026-03-13,2,CA,Organic Search
1672,2025-10-04,3,CA,Paid Ads
1673,2026-05-18,3,US,Paid Ads
1674,2025-12-16,1,US,Paid Ads
1675,2026-03-22,1,AU,Organic Search
1676,2025-12-16,1,US,Referral
1677,2025-05-17,2,CA,Social Media
1678,2025-08-31,2,CA,Paid Ads
1679,2025-02-09,1,CA,Social Media
1680,2025-08-17,2,US,Organic Search
1681,2025-08-11,2,US,Paid Ads
1682,2025-01-06,2,US,Paid Ads
1683,2025-11-18,2,DE,Paid Ads
1684,2026-04-13,2,DE,Paid Ads
1685,2025-03-16,2,US,Organic Search
1686,2025-01-04,1,US,Organic Search
1687,2025-04-28,2,DE,Organic Search
1688,2026-05-19,2,CA,Organic Search
1689,2026-03-17,3,DE,Referral
1690,2025-07-13,2,US,Organic Search
1691,2026-01-27,2,US,Organic Search
1692,2025-01-26,1,CA,Paid Ads
1693,2026-03-11,1,CA,Paid Ads
1694,2025-06-22,1,US,Social Media
1695,2025-10-27,1,US,Paid Ads
1696,2025-11-22,2,US,Organic Search
1697,2026-02-14,3,US,Referral
1698,2025-04-28,1,US,Paid Ads
1699,2025-08-13,1,AU,Organic Search
1700,2025-04-23,2,US,Paid Ads
1701,2025-05-20,1,UK,Social Media
1702,2025-01-01,2,US,Organic Search
1703,2025-03-31,2,CA,Organic Search
1704,2025-11-16,2,AU,Organic Search
1705,2025-05-19,1,US,Organic Search
1706,2026-05-26,1,US,Paid Ads
1707,2025-09-16,2,US,Paid Ads
1708,2025-01-10,2,US,Organic Search
1709,2025-09-18,1,CA,Social Media
1710,2025-06-21,2,DE,Referral
1711,2025-01-13,1,US,Paid Ads
1712,2025-06-17,2,US,Referral
1713,2025-11-17,1,US,Organic Search
1714,2025-11-15,3,CA,Paid Ads
1715,2025-11-25,1,US,Paid Ads
1716,2026-02-23,1,US,Referral
1717,2025-04-05,1,CA,Referral
1718,2025-11-14,1,CA,Organic Search
1719,2025-08-24,3,US,Social Media
1720,2025-11-30,3,CA,Organic Search
1721,2026-01-11,1,US,Social Media
1722,2026-04-04,1,US,Social Media
1723,2025-05-17,2,DE,Organic Search
1724,2026-05-28,3,CA,Referral
1725,2025-10-23,2,US,Organic Search
1726,2025-11-16,1,US,Paid Ads
1727,2025-12-15,1,US,Paid Ads
1728,2025-08-17,2,US,Paid Ads
1729,2025-09-27,1,US,Social Media
1730,2025-10-18,2,US,Paid Ads
1731,2025-06-14,1,US,Paid Ads
1732,2025-01-05,2,CA,Referral
1733,2026-01-14,1,CA,Social Media
1734,2025-03-19,2,CA,Organic Search
1735,2026-02-14,1,US,Social Media
1736,2025-05-12,2,AU,Organic Search
1737,2025-02-11,1,UK,Referral
1738,2025-03-30,2,UK,Organic Search
1739,2026-02-06,2,UK,Organic Search
1740,2025-10-23,2,DE,Paid Ads
1741,2025-10-22,2,US,Paid Ads
1742,2026-02-26,2,US,Organic Search
1743,2025-01-23,2,CA,Organic Search
1744,2025-05-23,1,CA,Paid Ads
1745,2025-05-25,2,CA,Social Media
1746,2025-08-13,1,US,Organic Search
1747,2026-05-18,1,US,Organic Search
1748,2025-04-14,1,US,Paid Ads
1749,2025-02-08,1,DE,Organic Search
1750,2025-07-17,2,US,Referral
1751,2026-01-26,2,US,Referral
1752,2025-06-28,2,US,Paid Ads
1753,2026-03-24,2,US,Organic Search
1754,2026-05-15,1,DE,Referral
1755,2025-01-15,1,CA,Paid Ads
1756,2025-10-16,1,UK,Referral
1757,2026-04-23,1,US,Paid Ads
1758,2025-08-19,1,CA,Referral
1759,2026-02-24,1,US,Paid Ads
1760,2025-06-06,2,CA,Paid Ads
1761,2026-03-17,2,US,Social Media
1762,2025-04-07,3,US,Paid Ads
1763,2026-02-15,3,CA,Paid Ads
1764,2025-10-16,2,DE,Organic Search
1765,2025-09-11,1,US,Paid Ads
1766,2025-07-15,2,UK,Paid Ads
1767,2025-04-28,2,US,Organic Search
1768,2025-06-08,1,US,Organic Search
1769,2025-08-16,1,US,Paid Ads
1770,2025-08-04,2,US,Referral
1771,2025-01-15,1,US,Paid Ads
1772,2025-06-06,2,US,Organic Search
1773,2025-09-18,2,US,Paid Ads
1774,2025-06-06,1,DE,Organic Search
1775,2025-02-16,1,US,Paid Ads
1776,2025-11-20,1,UK,Organic Search
1777,2025-05-10,1,US,Organic Search
1778,2026-02-15,1,CA,Organic Search
1779,2025-04-05,2,US,Organic Search
1780,2025-10-19,1,US,Organic Search
1781,2025-10-10,2,US,Organic Search
1782,2025-03-10,1,US,Paid Ads
1783,2025-01-11,3,US,Paid Ads
1784,2025-09-11,1,CA,Organic Search
1785,2025-05-14,1,DE,Referral
1786,2025-01-23,3,UK,Organic Search
1787,2025-12-12,2,CA,Paid Ads
1788,2025-10-29,1,US,Organic Search
1789,2025-12-29,2,US,Organic Search
1790,2026-01-31,1,US,Paid Ads
1791,2025-08-06,1,US,Paid Ads
1792,2025-05-21,1,US,Social Media
1793,2025-07-29,1,US,Paid Ads
1794,2026-04-05,2,US,Social Media
1795,2025-12-22,1,US,Organic Search
1796,2025-11-20,1,UK,Organic Search
1797,2025-05-13,2,UK,Organic Search
1798,2025-05-07,2,US,Organic Search
1799,2025-04-16,1,DE,Paid Ads
1800,2026-01-13,2,AU,Paid Ads
1801,2025-02-20,1,US,Organic Search
1802,2025-01-29,2,US,Social Media
1803,2026-04-07,2,US,Referral
1804,2025-10-23,3,DE,Organic Search
1805,2025-10-24,1,DE,Organic Search
1806,2026-02-11,1,US,Organic Search
1807,2026-02-09,1,US,Organic Search
1808,2025-12-12,1,US,Organic Search
1809,2026-02-24,1,US,Paid Ads
1810,2025-07-01,3,US,Organic Search
1811,2025-01-01,1,DE,Organic Search
1812,2026-01-06,1,CA,Social Media
1813,2026-03-07,2,UK,Paid Ads
1814,2025-11-05,1,DE,Social Media
1815,2025-05-17,2,CA,Organic Search
1816,2025-07-21,1,US,Organic Search
1817,2026-03-12,1,CA,Paid Ads
1818,2025-11-09,1,US,Organic Search
1819,2025-04-27,1,CA,Organic Search
1820,2025-09-01,3,US,Paid Ads
1821,2025-03-16,1,CA,Paid Ads
1822,2026-01-21,2,US,Paid Ads
1823,2025-07-29,1,US,Paid Ads
1824,2026-04-20,1,US,Paid Ads
1825,2026-02-22,3,US,Organic Search
1826,2025-12-13,1,CA,Organic Search
1827,2025-06-28,2,CA,Organic Search
1828,2025-07-01,3,US,Organic Search
1829,2025-01-25,2,US,Social Media
1830,2025-06-29,3,US,Paid Ads
1831,2026-05-16,1,US,Referral
1832,2025-06-10,1,US,Organic Search
1833,2025-06-26,1,DE,Organic Search
1834,2025-10-12,2,US,Organic Search
1835,2025-03-04,3,US,Organic Search
1836,2025-06-05,1,US,Organic Search
1837,2026-04-14,2,US,Referral
1838,2025-02-18,1,US,Paid Ads
1839,2025-03-25,2,CA,Paid Ads
1840,2025-12-27,1,US,Paid Ads
1841,2025-05-28,3,US,Social Media
1842,2025-12-08,2,US,Organic Search
1843,2026-04-21,1,US,Organic Search
1844,2025-03-04,1,US,Organic Search
1845,2025-12-26,1,AU,Referral
1846,2025-11-23,1,CA,Social Media
1847,2025-05-21,1,US,Organic Search
1848,2025-08-03,3,US,Social Media
1849,2026-03-11,2,US,Referral
1850,2025-11-14,2,US,Organic Search
1851,2025-02-01,1,CA,Organic Search
1852,2025-10-12,3,CA,Paid Ads
1853,2025-11-01,2,US,Social Media
1854,2026-03-05,1,US,Organic Search
1855,2026-04-22,2,US,Referral
1856,2025-10-13,2,DE,Organic Search
1857,2025-05-24,1,CA,Referral
1858,2026-02-28,1,US,Paid Ads
1859,2025-01-19,1,US,Paid Ads
1860,2025-01-18,1,CA,Referral
1861,2026-01-06,3,US,Referral
1862,2025-06-24,2,US,Social Media
1863,2025-07-13,2,US,Organic Search
1864,2026-05-17,1,CA,Paid Ads
1865,2025-04-23,1,US,Organic Search
1866,2025-04-24,2,US,Paid Ads
1867,2025-08-10,2,DE,Paid Ads
1868,2025-09-21,1,US,Paid Ads
1869,2025-02-24,2,US,Paid Ads
1870,2026-04-03,2,US,Social Media
1871,2025-06-11,1,US,Organic Search
1872,2026-01-15,1,UK,Paid Ads
1873,2025-03-28,2,US,Organic Search
1874,2025-02-24,1,US,Organic Search
1875,2026-04-21,1,US,Organic Search
1876,2025-06-27,1,CA,Social Media
1877,2026-01-26,1,CA,Social Media
1878,2025-12-15,2,US,Social Media
1879,2025-01-08,2,US,Social Media
1880,2025-11-09,1,CA,Organic Search
1881,2026-03-19,3,US,Organic Search
1882,2025-11-24,3,UK,Paid Ads
1883,2025-02-23,3,UK,Paid Ads
1884,2025-08-27,1,UK,Paid Ads
1885,2025-08-17,1,US,Organic Search
1886,2025-02-20,3,US,Paid Ads
1887,2025-09-21,2,UK,Paid Ads
1888,2026-02-22,1,US,Organic Search
1889,2025-04-06,1,US,Paid Ads
1890,2025-03-29,1,DE,Paid Ads
1891,2025-03-19,3,DE,Paid Ads
1892,2025-10-15,2,US,Organic Search
1893,2025-04-30,1,US,Referral
1894,2026-05-06,1,US,Organic Search
1895,2026-03-28,2,UK,Organic Search
1896,2026-05-15,2,DE,Referral
1897,2025-06-14,1,US,Paid Ads
1898,2025-07-01,2,US,Organic Search
1899,2026-04-14,3,DE,Paid Ads
1900,2025-01-07,1,US,Paid Ads
1901,2025-11-26,2,US,Referral
1902,2025-05-31,1,AU,Referral
1903,2025-03-26,2,US,Paid Ads
1904,2025-05-27,2,CA,Paid Ads
1905,2026-01-16,2,US,Organic Search
1906,2025-10-12,2,US,Organic Search
1907,2025-03-23,1,UK,Paid Ads
1908,2026-05-29,3,US,Paid Ads
1909,2026-01-21,2,AU,Paid Ads
1910,2026-04-16,1,US,Organic Search
1911,2025-04-29,2,US,Organic Search
1912,2026-01-31,2,US,Paid Ads
1913,2025-09-18,1,US,Organic Search
1914,2025-09-13,3,US,Referral
1915,2025-08-14,3,US,Organic Search
1916,2025-02-22,1,US,Paid Ads
1917,2026-05-15,3,US,Social Media
1918,2026-05-21,1,CA,Organic Search
1919,2025-12-30,1,CA,Paid Ads
1920,2025-10-07,1,CA,Organic Search
1921,2025-06-07,3,US,Paid Ads
1922,2025-02-28,2,US,Paid Ads
1923,2025-05-08,1,CA,Paid Ads
1924,2025-04-25,1,US,Paid Ads
1925,2025-07-28,2,US,Social Media
1926,2025-08-25,1,UK,Organic Search
1927,2025-10-08,3,UK,Organic Search
1928,2025-12-25,2,US,Social Media
1929,2025-07-20,2,US,Paid Ads
1930,2025-10-05,3,UK,Social Media
1931,2025-08-23,1,US,Paid Ads
1932,2026-05-09,3,UK,Referral
1933,2025-01-04,2,UK,Paid Ads
1934,2026-03-18,2,UK,Referral
1935,2025-01-29,1,US,Social Media
1936,2025-04-19,3,US,Paid Ads
1937,2025-03-16,1,CA,Organic Search
1938,2025-05-26,1,CA,Organic Search
1939,2025-05-08,1,CA,Organic Search
1940,2025-02-11,2,US,Organic Search
1941,2025-12-22,2,US,Organic Search
1942,2025-02-10,2,DE,Paid Ads
1943,2025-02-03,3,CA,Paid Ads
1944,2025-01-17,1,DE,Paid Ads
1945,2025-06-02,2,UK,Paid Ads
1946,2026-01-13,1,US,Organic Search
1947,2025-12-08,3,CA,Organic Search
1948,2025-01-27,2,DE,Organic Search
1949,2025-10-14,2,US,Paid Ads
1950,2025-06-17,2,CA,Organic Search
1951,2025-09-25,1,US,Organic Search
1952,2026-03-31,1,US,Paid Ads
1953,2026-02-05,2,CA,Referral
1954,2026-04-21,1,US,Organic Search
1955,2025-05-10,1,US,Paid Ads
1956,2025-12-29,1,US,Paid Ads
1957,2025-10-19,2,US,Referral
1958,2026-01-06,1,US,Social Media
1959,2025-01-29,1,US,Organic Search
1960,2025-05-29,2,DE,Organic Search
1961,2025-10-23,2,US,Social Media
1962,2025-01-11,1,US,Paid Ads
1963,2026-05-27,1,US,Paid Ads
1964,2025-04-23,1,CA,Paid Ads
1965,2025-07-06,1,US,Paid Ads
1966,2025-08-15,1,UK,Social Media
1967,2025-11-06,2,CA,Social Media
1968,2025-04-08,2,UK,Referral
1969,2025-02-24,2,US,Organic Search
1970,2026-02-10,1,CA,Social Media
1971,2025-03-10,2,US,Organic Search
1972,2025-11-08,1,DE,Organic Search
1973,2025-10-16,3,CA,Social Media
1974,2025-05-28,2,US,Organic Search
1975,2026-04-12,1,US,Organic Search
1976,2025-09-01,2,US,Organic Search
1977,2026-05-06,1,CA,Social Media
1978,2026-05-22,2,US,Paid Ads
1979,2025-12-31,1,US,Paid Ads
1980,2026-04-27,1,US,Organic Search
1981,2025-07-20,3,CA,Referral
1982,2025-06-03,1,UK,Referral
1983,2026-03-26,2,UK,Organic Search
1984,2026-05-16,1,UK,Paid Ads
1985,2025-03-14,2,US,Organic Search
1986,2025-10-23,2,US,Social Media
1987,2025-01-17,2,CA,Paid Ads
1988,2025-08-05,1,US,Social Media
1989,2025-03-02,1,US,Organic Search
1990,2025-02-11,1,US,Referral
1991,2025-01-25,1,US,Referral
1992,2025-02-08,2,US,Paid Ads
1993,2025-05-11,3,DE,Social Media
1994,2026-05-13,3,US,Organic Search
1995,2025-08-17,2,US,Organic Search
1996,2025-04-18,2,US,Paid Ads
1997,2025-06-21,2,CA,Referral
1998,2026-03-11,1,US,Paid Ads
1999,2026-04-23,3,DE,Organic Search
2000,2025-04-12,2,DE,Paid Ads
2001,2025-10-02,2,US,Organic Search
2002,2025-02-13,1,DE,Paid Ads
2003,2025-01-17,1,AU,Paid Ads
2004,2025-11-26,1,UK,Referral
2005,2026-05-12,3,UK,Organic Search
2006,2025-01-12,2,US,Paid Ads
2007,2025-11-14,1,US,Organic Search
2008,2025-08-04,3,US,Organic Search
2009,2025-12-05,1,US,Referral
2010,2025-03-22,1,AU,Social Media
2011,2026-04-30,1,US,Organic Search
2012,2026-01-09,2,CA,Referral
2013,2025-07-19,3,UK,Social Media
2014,2026-04-11,1,DE,Referral
2015,2025-03-30,3,AU,Organic Search
2016,2025-09-25,1,US,Social Media
2017,2026-05-04,3,US,Organic Search
2018,2025-02-16,2,US,Organic Search
2019,2025-10-15,2,US,Organic Search
2020,2025-01-16,1,US,Paid Ads
2021,2026-02-05,3,US,Organic Search
2022,2025-03-27,2,UK,Organic Search
2023,2025-09-07,1,US,Organic Search
2024,2026-01-26,2,US,Referral
2025,2025-12-01,1,CA,Social Media
2026,2025-05-17,3,US,Organic Search
2027,2026-05-13,1,US,Social Media
2028,2026-04-22,2,UK,Social Media
2029,2025-08-11,2,CA,Referral
2030,2026-01-07,1,UK,Organic Search
2031,2026-02-06,1,US,Paid Ads
2032,2026-03-19,1,UK,Social Media
2033,2026-05-05,1,CA,Paid Ads
2034,2025-09-30,1,US,Organic Search
2035,2025-06-08,2,CA,Paid Ads
2036,2025-06-01,1,DE,Paid Ads
2037,2025-07-07,1,US,Paid Ads
2038,2025-04-08,2,US,Organic Search
2039,2025-05-11,1,AU,Organic Search
2040,2025-06-20,3,UK,Referral
2041,2025-07-02,3,US,Social Media
2042,2025-12-30,2,CA,Organic Search
2043,2025-02-08,2,US,Social Media
2044,2026-05-12,3,US,Organic Search
2045,2025-12-15,1,US,Paid Ads
2046,2026-02-01,1,DE,Referral
2047,2025-06-10,1,DE,Referral
2048,2025-01-16,2,US,Social Media
2049,2026-05-08,1,US,Organic Search
2050,2026-03-02,2,US,Social Media
2051,2025-04-18,3,AU,Organic Search
2052,2026-03-26,3,AU,Referral
2053,2025-11-07,2,CA,Referral
2054,2025-06-19,1,UK,Paid Ads
2055,2026-02-18,2,CA,Organic Search
2056,2025-09-08,2,US,Social Media
2057,2025-05-21,1,US,Organic Search
2058,2025-10-01,1,US,Organic Search
2059,2026-02-20,3,CA,Referral
2060,2025-02-08,2,CA,Paid Ads
2061,2025-01-29,2,US,Referral
2062,2026-04-22,3,DE,Organic Search
2063,2025-11-14,2,US,Organic Search
2064,2025-09-02,2,US,Referral
2065,2025-09-29,1,CA,Paid Ads
2066,2026-03-16,1,CA,Organic Search
2067,2025-08-27,1,CA,Referral
2068,2026-01-12,2,US,Paid Ads
2069,2025-09-23,2,US,Paid Ads
2070,2025-12-25,3,CA,Paid Ads
2071,2025-12-06,1,US,Referral
2072,2026-01-24,2,US,Referral
2073,2025-01-03,2,CA,Referral
2074,2026-03-05,2,US,Organic Search
2075,2025-05-22,2,CA,Referral
2076,2026-01-11,1,UK,Paid Ads
2077,2025-11-20,2,US,Paid Ads
2078,2025-05-26,1,US,Organic Search
2079,2025-10-20,1,UK,Social Media
2080,2026-03-08,1,CA,Referral
2081,2026-02-03,2,CA,Organic Search
2082,2025-12-10,3,UK,Paid Ads
2083,2025-05-20,2,UK,Social Media
2084,2025-07-06,2,AU,Organic Search
2085,2025-03-02,2,US,Social Media
2086,2026-01-15,2,US,Paid Ads
2087,2026-03-16,1,US,Paid Ads
2088,2025-11-15,1,US,Organic Search
2089,2025-10-29,1,US,Organic Search
2090,2025-12-10,1,US,Social Media
2091,2025-01-11,1,DE,Organic Search
2092,2025-03-03,1,US,Referral
2093,2025-08-14,1,US,Organic Search
2094,2025-06-02,3,US,Organic Search
2095,2025-11-06,1,US,Organic Search
2096,2025-08-31,1,US,Paid Ads
2097,2026-05-08,1,US,Social Media
2098,2026-01-01,2,US,Organic Search
2099,2025-11-26,1,CA,Organic Search
2100,2025-04-17,1,DE,Organic Search
2101,2025-08-14,2,DE,Paid Ads
2102,2025-08-06,1,CA,Paid Ads
2103,2026-05-21,1,US,Social Media
2104,2025-09-16,1,DE,Paid Ads
2105,2025-02-23,1,DE,Paid Ads
2106,2025-02-16,1,US,Organic Search
2107,2025-04-09,1,CA,Social Media
2108,2025-01-20,2,US,Organic Search
2109,2026-05-05,2,UK,Organic Search
2110,2026-02-23,2,AU,Paid Ads
2111,2025-03-03,1,US,Paid Ads
2112,2025-05-25,3,DE,Paid Ads
2113,2025-08-04,1,CA,Paid Ads
2114,2025-01-03,1,AU,Referral
2115,2025-06-09,2,US,Organic Search
2116,2025-04-30,1,UK,Referral
2117,2025-03-30,1,US,Paid Ads
2118,2025-11-25,2,US,Paid Ads
2119,2025-12-23,3,US,Paid Ads
2120,2025-09-24,1,AU,Organic Search
2121,2025-11-19,2,UK,Referral
2122,2025-07-14,3,DE,Paid Ads
2123,2025-11-28,1,DE,Organic Search
2124,2025-06-19,1,US,Paid Ads
2125,2026-04-08,1,US,Social Media
2126,2025-02-09,1,US,Paid Ads
2127,2025-09-18,1,US,Social Media
2128,2026-01-30,3,US,Organic Search
2129,2025-08-14,2,US,Organic Search
2130,2025-05-04,2,US,Organic Search
2131,2025-02-07,1,US,Paid Ads
2132,2025-11-24,2,US,Organic Search
2133,2025-09-08,3,US,Organic Search
2134,2025-06-25,2,AU,Social Media
2135,2026-03-30,1,UK,Referral
2136,2025-02-06,2,AU,Referral
2137,2025-11-12,1,US,Organic Search
2138,2025-04-24,1,US,Organic Search
2139,2025-02-09,1,UK,Organic Search
2140,2025-10-28,2,US,Referral
2141,2025-08-12,2,US,Social Media
2142,2025-11-14,1,US,Paid Ads
2143,2025-12-15,1,US,Organic Search
2144,2025-04-25,1,US,Paid Ads
2145,2025-11-19,1,US,Organic Search
2146,2025-02-09,1,CA,Organic Search
2147,2025-02-09,1,US,Paid Ads
2148,2025-10-16,2,US,Referral
2149,2025-09-19,1,UK,Organic Search
2150,2025-08-04,1,US,Organic Search
2151,2025-05-27,1,US,Social Media
2152,2025-12-02,3,DE,Organic Search
2153,2025-06-17,2,US,Organic Search
2154,2025-04-02,2,US,Organic Search
2155,2025-12-19,1,US,Organic Search
2156,2025-12-29,2,US,Organic Search
2157,2025-12-11,1,US,Referral
2158,2025-06-19,2,UK,Organic Search
2159,2025-12-22,3,US,Paid Ads
2160,2025-07-10,2,US,Paid Ads
2161,2026-02-26,3,US,Paid Ads
2162,2025-01-07,2,US,Social Media
2163,2025-05-13,1,CA,Social Media
2164,2025-01-31,3,US,Organic Search
2165,2026-03-02,1,US,Referral
2166,2026-01-29,2,US,Paid Ads
2167,2025-12-29,1,US,Social Media
2168,2026-03-13,1,US,Paid Ads
2169,2025-03-23,1,UK,Social Media
2170,2025-12-22,1,US,Referral
2171,2025-09-15,1,US,Organic Search
2172,2025-10-22,2,US,Paid Ads
2173,2025-08-12,1,CA,Social Media
2174,2025-02-15,1,US,Social Media
2175,2025-04-23,2,CA,Organic Search
2176,2025-08-21,1,UK,Referral
2177,2025-01-17,2,DE,Organic Search
2178,2025-12-26,2,US,Organic Search
2179,2025-08-11,2,US,Paid Ads
2180,2026-03-24,2,UK,Organic Search
2181,2025-12-31,1,AU,Referral
2182,2025-11-22,2,DE,Organic Search
2183,2026-04-12,1,US,Referral
2184,2026-02-18,1,US,Organic Search
2185,2026-03-31,2,US,Organic Search
2186,2025-08-21,1,CA,Organic Search
2187,2025-08-12,2,US,Organic Search
2188,2026-02-16,2,US,Organic Search
2189,2025-12-01,3,UK,Organic Search
2190,2025-08-10,3,US,Paid Ads
2191,2025-02-06,1,DE,Organic Search
2192,2025-10-05,1,US,Paid Ads
2193,2025-07-15,2,US,Organic Search
2194,2026-04-29,1,US,Social Media
2195,2025-08-30,2,UK,Social Media
2196,2025-11-20,2,US,Paid Ads
2197,2025-07-11,2,US,Organic Search
2198,2025-01-17,1,AU,Organic Search
2199,2026-02-05,1,US,Social Media
2200,2025-01-22,1,US,Organic Search
